<?xml version='1.0' encoding='utf-8' standalone='yes' ?>
<map>
    <boolean name="key_search_border_check" value="true" />
    <int name="key_avatar_border_size" value="2" />
    <boolean name="disable_hiddenchat_access" value="false" />
    <boolean name="my_statusd" value="true" />
    <boolean name="imsHideVStatus" value="false" />
    <boolean name="key_toast_profile" value="true" />
    <boolean name="date_bubble_color_picker_Gactive" value="false" />
    <boolean name="key_toast_online" value="true" />
    <boolean name="Conv_call_btn" value="false" />
    <boolean name="ModFabTextColor_Gactive" value="false" />
    <boolean name="isSwipeEnabled" value="false" />
    <boolean name="key_quick_textcolor_check" value="true" />
    <boolean name="ModOnlineColor_check" value="true" />
    <boolean name="HomeBarText_Gactive" value="false" />
    <int name="key_fab_color_GC" value="-6306340" />
    <boolean name="DONATION" value="true" />
    <string name="key_toast_duration">0</string>
    <int name="key_tab_card" value="-1118482" />
    <boolean name="key_neomorp_view" value="false" />
    <int name="key_cover_height" value="220" />
    <boolean name="key_tab_color_Gactive" value="false" />
    <int name="ConvoBack" value="-1" />
    <int name="key_tab_color" value="-1118482" />
    <boolean name="onlinechat" value="false" />
    <boolean name="enable_fivminstatus" value="true" />
    <string name="convostyle">2</string>
    <boolean name="ModFabBgColor_Gactive" value="false" />
    <int name="HomeCounterBK" value="-6306340" />
    <int name="ModChatColor_GC" value="-4142541" />
    <boolean name="enable_grp_separationV2" value="true" />
    <int name="quoted_divider_picker" value="0" />
    <boolean name="key_tab_card_check" value="true" />
    <int name="ModFabTextColor" value="-1" />
    <int name="list_bg_color" value="-1" />
    <boolean name="ModConTextColor_Gactive" value="false" />
    <boolean name="group_mypicV2" value="false" />
    <boolean name="key_row_online" value="true" />
    <boolean name="yo_hideinfo" value="false" />
    <boolean name="key_tab_rounded_check" value="true" />
    <boolean name="tabadgeBKColor_Gactive" value="false" />
    <int name="ModFabBgColor" value="-16777216" />
    <int name="key_application_theme_dark" value="-14604230" />
    <boolean name="key_tab_unselect_check" value="true" />
    <int name="ModChatBubbleHyperlinks" value="-14841627" />
    <boolean name="key_card_chats_elevation" value="false" />
    <int name="ModlastseenColor" value="-6306340" />
    <boolean name="Hide_contact_picker_section_frequent_chats" value="false" />
    <boolean name="key_wave_color_check" value="true" />
    <int name="key_border_select" value="-1118482" />
    <int name="key_toast_rounded" value="23" />
    <int name="key_gradient_ring_GOrient" value="3" />
    <boolean name="statuschat" value="true" />
    <int name="Img_highres_seek" value="1" />
    <int name="key_counter_bg" value="-6306340" />
    <int name="ModChatColor" value="-1" />
    <boolean name="key_quick_bg_check" value="true" />
    <boolean name="HomeCounterBK_Gactive" value="false" />
    <int name="key_quick_textcolor" value="-12434878" />
    <string name="time_online_toast_key">0</string>
    <boolean name="chat_icon_bg_forward_picker_Gactive" value="false" />
    <boolean name="key_kenburn_cover" value="false" />
    <boolean name="date_right_color_Gactive" value="false" />
    <int name="key_fab_stroke" value="0" />
    <int name="key_toolbar_picker" value="-12434878" />
    <boolean name="key_toast_status_textcolor_check" value="true" />
    <boolean name="Img_share_limit" value="false" />
    <string name="key_navigation_tabview">1</string>
    <boolean name="key_large_bitmap" value="false" />
    <boolean name="hide_fab" value="true" />
    <boolean name="ModChatGStatusT_Gactive" value="false" />
    <int name="key_search_bg_orient" value="1" />
    <boolean name="key_default_home" value="true" />
    <string name="ui_bottom_style">ios</string>
    <boolean name="my_name" value="false" />
    <boolean name="TxtSelect" value="false" />
    <int name="pagetitle_picker" value="-2631721" />
    <boolean name="key_fab_color_check" value="true" />
    <boolean name="key_toolbar_wave" value="true" />
    <boolean name="ModlastseenColor_check" value="true" />
    <boolean name="key_hide_topscroll" value="true" />
    <string name="key_bottomtab_styles">v3</string>
    <boolean name="hide_action_a" value="true" />
    <string name="key_story_layout">9</string>
    <boolean name="hide_action_b" value="true" />
    <boolean name="ConvoBack_Gactive" value="false" />
    <int name="key_tab_stroke" value="3" />
    <boolean name="quoted_text_picker_Gactive" value="false" />
    <boolean name="auto_reply_boolean" value="false" />
    <boolean name="key_gradient_ring_Gactive" value="true" />
    <boolean name="statuses_bar_text_picker_Gactive" value="false" />
    <int name="key_tab_rounded" value="20" />
    <int name="key_avatar_size" value="52" />
    <int name="text_size_pick" value="13" />
    <int name="key_search_bg_GC" value="-5776408" />
    <int name="key_trans_alpha" value="50" />
    <string name="key_style_home">paralax_fit</string>
    <string name="key_quick_position">right</string>
    <int name="key_search_border" value="-1710619" />
    <boolean name="quoted_bg_picker_Gactive" value="false" />
    <int name="chats_row_divider_picker" value="-1118482" />
    <boolean name="key_stories_name_check" value="true" />
    <int name="ModFabNormalColor" value="-16419329" />
    <boolean name="hide_action_l" value="true" />
    <boolean name="hide_action_m" value="false" />
    <int name="key_row_size" value="74" />
    <string name="contact_online_tone_do">0</string>
    <int name="UnSeenColor" value="-12434878" />
    <int name="key_card_round" value="25" />
    <boolean name="NameProf" value="false" />
    <boolean name="emojipopup_body_Gactive" value="false" />
    <boolean name="key_windows_bg" value="true" />
    <boolean name="key_toast_profile_textcolor_check" value="true" />
    <int name="key_unseen_color" value="-6974059" />
    <string name="key_toast_profile_gravity">0</string>
    <boolean name="ModChaSendBKColor_Gactive" value="false" />
    <boolean name="key_navigationbar_picker_check" value="true" />
    <boolean name="pagetitle_sel_picker_Gactive" value="false" />
    <int name="ModDarkConPickColor" value="-16429756" />
    <boolean name="key_border_select_check" value="true" />
    <boolean name="chat_mypicV2" value="false" />
    <int name="ModConTextColor" value="-6974059" />
    <boolean name="key_with_thumb" value="false" />
    <boolean name="chats_date_pending_color_picker_Gactive" value="false" />
    <boolean name="key_chat_actionbar_check" value="true" />
    <boolean name="date_divider_color_picker_Gactive" value="false" />
    <boolean name="key_conv_bg" value="false" />
    <int name="key_badge_textcolor" value="-263173" />
    <boolean name="profile_toast" value="false" />
    <boolean name="SeenColor_Gactive" value="false" />
    <boolean name="btn_voice_color_chat_picker_Gactive" value="false" />
    <int name="key_row_elevation" value="3" />
    <boolean name="key_as_thumbnail" value="true" />
    <boolean name="key_tab_view" value="true" />
    <boolean name="key_tab_color_check" value="false" />
    <boolean name="key_badge_textcolor_check" value="true" />
    <int name="ModChatBtnColor" value="-12434878" />
    <boolean name="ModChatLeftBubble_Gactive" value="false" />
    <int name="key_accent_color" value="-12434878" />
    <boolean name="tabindicator_check" value="true" />
    <string name="pic_startlocation">1</string>
    <int name="ModChatColor_GCDir" value="0" />
    <boolean name="key_statusbar_picker_check" value="true" />
    <boolean name="AttBt" value="false" />
    <boolean name="statuses_toast" value="false" />
    <boolean name="ModChatBubbleText_Gactive" value="false" />
    <int name="key_toast_profile_textcolor" value="-12434878" />
    <boolean name="key_header_curve" value="false" />
    <int name="seekbar_color_chat_picker" value="-12434878" />
    <int name="ModFabPressedColor" value="-16777216" />
    <boolean name="key_enable_row_size" value="true" />
    <int name="statuses_bar_bg_picker" value="-1118482" />
    <int name="key_homecard_cornerradius" value="20" />
    <int name="ModChatGStatusB" value="1895562235" />
    <int name="emojipopup_header" value="-263173" />
    <boolean name="emojipopup_icons_Gactive" value="false" />
    <boolean name="pagetitle_sel_picker_check" value="true" />
    <boolean name="key_border_stories_card_check" value="true" />
    <int name="HomeBarText" value="-12434878" />
    <boolean name="key_swipe_row" value="false" />
    <boolean name="imsHideRStatus" value="false" />
    <int name="ModChatGStatusT" value="-16419329" />
    <int name="key_toast_status_textcolor" value="-12434878" />
    <int name="key_fab_color_GOrient" value="7" />
    <int name="key_fab_icon" value="-12434878" />
    <int name="statuses_bar_text_picker" value="-12434878" />
    <int name="key_tab_color_GC" value="-16777216" />
    <boolean name="isSwipeEnabledV2" value="false" />
    <boolean name="key_graient_ring_anim" value="true" />
    <string name="key_auto_count">2</string>
    <string name="HomeEntryStyle">nami</string>
    <boolean name="key_border_convs_card_check" value="true" />
    <int name="key_toast_online_bg" value="-1710619" />
    <boolean name="key_toast_avatar" value="true" />
    <boolean name="seekbar_color_chat_picker_Gactive" value="false" />
    <int name="key_border_stories_card" value="-16777216" />
    <boolean name="key_hide_tabscroll" value="true" />
    <boolean name="key_custom_badge" value="false" />
    <int name="key_seen_color" value="-1118482" />
    <boolean name="read_more" value="false" />
    <int name="key_avatar_border" value="0" />
    <boolean name="yo_want_nightmode" value="false" />
    <int name="key_fab_rounded" value="28" />
    <int name="key_wave_color" value="-1118482" />
    <int name="key_row_background_color" value="-263173" />
    <boolean name="ModChatBubbleTextLeft_Gactive" value="false" />
    <boolean name="ModChatEntry_Gactive" value="false" />
    <boolean name="key_fab_elevation" value="false" />
    <int name="key_search_stroke" value="0" />
    <int name="key_fab_border" value="-1118482" />
    <boolean name="ModFabNormalColor_Gactive" value="false" />
    <string name="key_pager_animation">0</string>
    <boolean name="Audio_ears" value="false" />
    <int name="ModChatEntry" value="-263173" />
    <int name="square_photo_ratio_picker" value="100" />
    <boolean name="statuses_bar_bg_picker_Gactive" value="false" />
    <boolean name="key_navigation_padding" value="false" />
    <boolean name="group_participants_picV2" value="true" />
    <boolean name="ModChatBubbleHyperlinks_Gactive" value="false" />
    <boolean name="key_seen_color_check" value="true" />
    <boolean name="key_grid_chatview" value="false" />
    <int name="ModConColor_GC" value="-4142541" />
    <int name="SeenColor" value="16777215" />
    <int name="ModOnlineColor" value="-6306340" />
    <boolean name="key_search_bg_Gactive" value="true" />
    <int name="ModChaSendBKColor" value="-1118482" />
    <boolean name="chats_row_divider_picker_check" value="false" />
    <int name="key_toast_status_bg" value="-1710619" />
    <boolean name="ModContactNameColor_Gactive" value="false" />
    <boolean name="key_toast_online_textcolor_check" value="true" />
    <boolean name="newAttach_BottomDesign" value="false" />
    <boolean name="key_toolbar_elevation" value="true" />
    <int name="chat_icon_bg_forward_picker" value="-1528108310" />
    <boolean name="Hide_div" value="true" />
    <boolean name="key_fab_border_check" value="true" />
    <string name="recent">-278483‚‗‚-688361‚‗‚-1‚‗‚6381921‚‗‚-5776408‚‗‚-15459034‚‗‚-9034‚‗‚-500659‚‗‚-14312668‚‗‚-4923520‚‗‚-16604761‚‗‚-82374‚‗‚-7194431‚‗‚-15923152‚‗‚-1123437‚‗‚-1253425‚‗‚-10527914‚‗‚-11243887‚‗‚-525868‚‗‚-69437‚‗‚-212824‚‗‚-5126477‚‗‚-8410368‚‗‚-2572920‚‗‚-16777216‚‗‚-144895‚‗‚-12230946‚‗‚-15658735‚‗‚-4191219‚‗‚-1070561‚‗‚-12805453‚‗‚-14260609‚‗‚-15264444‚‗‚-9984‚‗‚-12293904‚‗‚-1769343‚‗‚-15461356‚‗‚-1346233‚‗‚-1428942‚‗‚-15723504‚‗‚-13153678‚‗‚-13547149‚‗‚-7033122‚‗‚-43636‚‗‚-12960454‚‗‚-4204‚‗‚-13547190‚‗‚-1067462‚‗‚-9406‚‗‚-11382421‚‗‚-6511947‚‗‚-1052689‚‗‚-7039340‚‗‚-6022095‚‗‚-1645338‚‗‚-16741674‚‗‚-8688203‚‗‚-1084004‚‗‚-29118‚‗‚-12435134‚‗‚-1103831‚‗‚-8681795‚‗‚-4353322‚‗‚-2724501‚‗‚-2704764‚‗‚-526353‚‗‚-1052755‚‗‚-11884850‚‗‚-2175373‚‗‚-3222859‚‗‚-13537925‚‗‚-1101519‚‗‚-415707‚‗‚-8604862‚‗‚-12959414‚‗‚-2698538‚‗‚0‚‗‚-5386513‚‗‚-10249522‚‗‚-9207420‚‗‚-854529‚‗‚-1053713‚‗‚-1055893‚‗‚-1066471‚‗‚-9614271‚‗‚16777215‚‗‚-535891‚‗‚-558708‚‗‚-6508867‚‗‚-592138‚‗‚-9266‚‗‚-1657147‚‗‚-1281‚‗‚-15131623‚‗‚-10864228‚‗‚-9373‚‗‚-10856069‚‗‚-8675643‚‗‚-1055745‚‗‚-1409286145‚‗‚-9070917‚‗‚1702205115‚‗‚1953863355‚‗‚1081448123‚‗‚-4146‚‗‚-528566‚‗‚-1154783‚‗‚888037665‚‗‚216949025‚‗‚-11880713‚‗‚441104119‚‗‚-40482‚‗‚441207884‚‗‚-11907766‚‗‚-16756373‚‗‚-13660‚‗‚520080036‚‗‚1207980395‚‗‚402674027‚‗‚-1762269‚‗‚-6506794‚‗‚-2695185‚‗‚1104601071‚‗‚-41605‚‗‚-14606303‚‗‚1040145787‚‗‚838860799‚‗‚-4346211‚‗‚-25022‚‗‚-13520244‚‗‚1035841181‚‗‚-5980491‚‗‚-527377‚‗‚1772404405‚‗‚-13524241‚‗‚1227989743‚‗‚-14078671‚‗‚1241513983‚‗‚1107296255‚‗‚388574513‚‗‚-16736513‚‗‚-532646‚‗‚-1097406‚‗‚-7566708‚‗‚-17854‚‗‚-16730385‚‗‚-16248816‚‗‚-10195539‚‗‚-28078‚‗‚539569457‚‗‚371797297‚‗‚-3843750‚‗‚-9275‚‗‚-20811‚‗‚153693489‚‗‚-14907‚‗‚-2193780‚‗‚-542208‚‗‚167772159‚‗‚1895825407‚‗‚1929379839‚‗‚-14606046‚‗‚1126244642‚‗‚-8541203‚‗‚1316858861‚‗‚-16729567‚‗‚-3081‚‗‚637581857‚‗‚-1066356‚‗‚-2195167‚‗‚920551713‚‗‚-5381327‚‗‚-13524373‚‗‚1160880747‚‗‚-3098‚‗‚-1097365‚‗‚1072644459‚‗‚-1653084‚‗‚-4333627‚‗‚-2105460‚‗‚-13547206‚‗‚887086988‚‗‚517988236‚‗‚-9743046‚‗‚-9201987‚‗‚-15103291‚‗‚890866373‚‗‚-14570753‚‗‚-14599854‚‗‚-2697258‚‗‚-4343107‚‗‚-1270725‚‗‚297646781‚‗‚-1973791‚‗‚-1251354‚‗‚-1644570‚‗‚-14604230‚‗‚-3808315‚‗‚-14927039‚‗‚-5972488‚‗‚-8072482‚‗‚-546246‚‗‚-526370‚‗‚301989887‚‗‚-1694498817‚‗‚-1694564352‚‗‚1493172223‚‗‚-5381146‚‗‚-12934467‚‗‚-1099446‚‗‚-16738643‚‗‚1124073471‚‗‚-3808282‚‗‚-1054746‚‗‚1006632959‚‗‚1040187391‚‗‚-680330‚‗‚1023410176‚‗‚234881024‚‗‚-4331521‚‗‚-3224882‚‗‚-4865322‚‗‚-15721180‚‗‚-14606047‚‗‚-2039584‚‗‚2145444064‚‗‚-328966‚‗‚-14736865‚‗‚-14404537‚‗‚-4142541‚‗‚-1575425‚‗‚-14841627‚‗‚-4464901‚‗‚1090255867‚‗‚-1719062‚‗‚-5552196‚‗‚-3366958‚‗‚-12845‚‗‚-2937041‚‗‚-2645851‚‗‚-206900‚‗‚-765666‚‗‚-3211551‚‗‚-16725933‚‗‚-6886473‚‗‚-1118482‚‗‚-12434878‚‗‚-1710619‚‗‚-6974059‚‗‚-263173‚‗‚-16419329‚‗‚-1381654‚‗‚-196094‚‗‚1089992695‚‗‚-526345‚‗‚-2631721‚‗‚-15724528‚‗‚-524289‚‗‚-6306340‚‗‚-6692143‚‗‚-9384007‚‗‚-11425115‚‗‚-6692145</string>
    <boolean name="key_avatar_border_check" value="true" />
    <boolean name="list_bg_color_Gactive" value="false" />
    <boolean name="key_tab_border_check" value="true" />
    <boolean name="key_search_textcolor_check" value="true" />
    <int name="delight_app_theme_light" value="-328966" />
    <boolean name="key_row_background_color_check" value="true" />
    <string name="ui_home_styleV2">1</string>
    <boolean name="key_floating_chat" value="true" />
    <string name="ui_home_styleV3">stock</string>
    <int name="key_card_title" value="-1" />
    <int name="quoted_bg_picker_GCDir" value="3" />
    <string name="key_tab_styles">v1</string>
    <boolean name="chat_contactpicV2" value="false" />
    <int name="key_navigationbar_picker" value="-1" />
    <boolean name="key_wallpaper_view" value="false" />
    <boolean name="chats_row_divider_picker_Gactive" value="false" />
    <int name="key_curvature_height" value="30" />
    <int name="key_stories_name" value="-6974059" />
    <int name="ModConBackColor" value="-1" />
    <boolean name="key_toast_online_bg_check" value="true" />
    <boolean name="Hide_contact_picker_section_recent_chats" value="false" />
    <boolean name="key_badge_background_check" value="true" />
    <int name="chats_date_pending_color_picker" value="-6974059" />
    <int name="key_counter_tx" value="-1" />
    <int name="key_tab_selectedbg" value="-4923520" />
    <int name="HomeCounterText" value="-12434878" />
    <int name="ModConPickColor_orient" value="5" />
    <boolean name="tabadgeTextColor_check" value="true" />
    <boolean name="key_row_mention" value="true" />
    <boolean name="key_unseen_color_check" value="true" />
    <string name="key_online_dot">3</string>
    <int name="key_tab_border" value="-1118482" />
    <boolean name="key_enable_card_bg" value="false" />
    <boolean name="key_stories_view" value="false" />
    <boolean name="key_hide_thumbnail" value="false" />
    <boolean name="pagetitle_picker_check" value="true" />
    <boolean name="key_stories_card_check" value="true" />
    <boolean name="key_hide_search" value="false" />
    <int name="BGColor" value="1056036" />
    <string name="key_transformer_pager">9</string>
    <boolean name="ModConTextColor_check" value="true" />
    <boolean name="pagetitle_picker_Gactive" value="false" />
    <boolean name="key_ig_thumbnail" value="true" />
    <boolean name="quoted_divider_picker_Gactive" value="false" />
    <int name="key_chat_actionbar" value="-12434878" />
    <int name="ModChatEmojiColor" value="-12434878" />
    <boolean name="ModChaSendColor_Gactive" value="false" />
    <int name="ModChaSendColor" value="-12434878" />
    <int name="pagetitle_sel_picker" value="-6306340" />
    <int name="tabadgeBKColor" value="-1" />
    <boolean name="key_home_swipe" value="false" />
    <boolean name="emojipopup_header_Gactive" value="false" />
    <boolean name="home_imgBK" value="false" />
    <boolean name="quoted_name_picker_Gactive" value="false" />
    <boolean name="custom_wall_profilepic" value="false" />
    <int name="key_fastscroll_round" value="20" />
    <boolean name="HomeBarText_check" value="true" />
    <string name="delight_app_theme">1</string>
    <int name="key_row_radius" value="20" />
    <boolean name="disable_ig_stories" value="false" />
    <int name="tabadgeTextColor" value="-12434878" />
    <string name="ConvoEntry">28</string>
    <int name="ModConColor" value="-1" />
    <boolean name="chats_show_contact_online_toast_check" value="false" />
    <int name="key_gradient_ring_GC" value="-6692145" />
    <boolean name="key_custom_icon" value="true" />
    <string name="tick_style">rcios11</string>
    <int name="ModConPickColor_GC" value="-4142541" />
    <int name="tabindicator" value="-12434878" />
    <boolean name="imsHideMStatus" value="false" />
    <boolean name="ModChatTextColor_Gactive" value="false" />
    <int name="delight_app_theme_dark" value="-1118482" />
    <int name="key_story_stroke" value="0" />
    <boolean name="key_quick_view" value="false" />
    <int name="key_search_textcolor" value="-12434878" />
    <int name="key_tab_select" value="-16419329" />
    <int name="key_custom_theme" value="-328966" />
    <boolean name="key_fab_color_Gactive" value="true" />
    <int name="key_search_rounded" value="23" />
    <boolean name="ModFabPressedColor_Gactive" value="false" />
    <int name="key_fab_color" value="1090255867" />
    <boolean name="key_toast_statuses" value="true" />
    <boolean name="ModConPickColor_Gactive" value="false" />
    <string name="HomeEntry">deltacard</string>
    <int name="main_text" value="15" />
    <boolean name="ModChatRightBubble_Gactive" value="false" />
    <boolean name="key_fab_icon_check" value="true" />
    <boolean name="ModConColor_Gactive" value="false" />
    <int name="key_name_stories" value="-1" />
    <int name="key_bg_stories_card_picker" value="-1" />
    <int name="rvkdmsg_icon_color" value="-64251" />
    <int name="key_fab_color_orient" value="6" />
    <boolean name="ModChatGStatusB_Gactive" value="false" />
    <boolean name="key_tab_bg" value="true" />
    <boolean name="key_search_icon_check" value="true" />
    <int name="emojipopup_icons" value="-12434878" />
    <int name="key_toast_profile_bg" value="-1710619" />
    <int name="key_gradient_ring" value="-11425115" />
    <int name="ModContactNameColor" value="-15724528" />
    <boolean name="Audio_sensor" value="true" />
    <boolean name="tabadgeTextColor_Gactive" value="false" />
    <boolean name="BGColor_Gactive" value="false" />
    <boolean name="key_search_bg_check" value="true" />
    <int name="emojipopup_body" value="-263173" />
    <string name="key_home_style">0</string>
    <boolean name="ModChatEmojiColor_Gactive" value="false" />
    <boolean name="key_counter_bg_check" value="true" />
    <boolean name="ModChatBtnColor_Gactive" value="false" />
    <boolean name="key_toast_custom" value="true" />
    <int name="ModChatRightBubble" value="-2230328" />
    <boolean name="key_fast_scroll" value="false" />
    <int name="ModChatLeftBubble" value="-1118482" />
    <int name="key_search_icon" value="-15459034" />
    <boolean name="key_stories_padding_check" value="true" />
    <boolean name="chat_icon_forward_picker_Gactive" value="false" />
    <int name="quoted_bg_picker_GC" value="-16777216" />
    <boolean name="yo_want_airplanemode" value="true" />
    <int name="key_grid_span" value="4" />
    <boolean name="delight_direct_view" value="true" />
    <int name="key_tab_color_orient" value="0" />
    <boolean name="ModOnlineColor_Gactive" value="false" />
    <boolean name="PicProf" value="false" />
    <int name="chat_icon_forward_picker" value="-16419329" />
    <int name="key_padding_fixer" value="50" />
    <int name="key_tab_unselect" value="-6974059" />
    <int name="ModConPickColor_GCDir" value="0" />
    <boolean name="key_toolbar_picker_check" value="true" />
    <string name="bubble_style">cvios</string>
    <int name="key_search_bg" value="-1" />
    <boolean name="ModChatColor_Gactive" value="false" />
    <int name="key_statusbar_picker" value="-1" />
    <int name="key_fab_rounded_menu" value="28" />
    <int name="key_stories_padding" value="95" />
    <string name="key_quick_layout">v1</string>
    <boolean name="pic_inside" value="false" />
    <boolean name="key_toast_profile_bg_check" value="true" />
    <boolean name="ModConColor_check" value="true" />
    <boolean name="HomeCounterText_Gactive" value="false" />
    <boolean name="key_translucent_statusbar" value="false" />
    <boolean name="key_toast_status_bg_check" value="true" />
    <boolean name="key_story_badge" value="true" />
    <string name="key_chats_listanimation">14</string>
    <boolean name="key_tab_select_check" value="true" />
    <boolean name="key_search_elevation" value="true" />
    <boolean name="key_fab_rounded_menu_check" value="false" />
    <int name="key_badge_background" value="-12434878" />
    <int name="key_toast_online_textcolor" value="-12434878" />
    <boolean name="key_tab_elevation" value="true" />
    <boolean name="key_tab_selectedbg_check" value="true" />
    <boolean name="log_show_name_check" value="true" />
    <boolean name="tabindicator_Gactive" value="false" />
    <boolean name="tabadgeBKColor_check" value="true" />
    <boolean name="Hide_contact_picker_section_other_contacts" value="false" />
    <int name="key_quick_bg" value="-1" />
    <boolean name="enable_ig_stories" value="true" />
    <int name="ModConPickColor" value="-1" />
    <string name="key_story_view">0</string>
    <boolean name="rvkdmsg_icon_color_Gactive" value="false" />
    <boolean name="date_left_color_Gactive" value="false" />
    <int name="key_application_theme_light" value="-1" />
    <int name="ModConColor_GCDir" value="0" />
    <int name="key_bg_convs_card_picker" value="-1" />
    <boolean name="UnSeenColor_Gactive" value="false" />
    <boolean name="ModConBackColor_Gactive" value="false" />
    <int name="key_stories_card" value="-16777216" />
    <int name="pic_chat_size_pickerV2" value="40" />
    <boolean name="custom_wall" value="false" />
    <string name="key_toast_online_gravity">0</string>
    <boolean name="elapsed_time" value="false" />
    <int name="btn_voice_color_chat_picker" value="-12434878" />
    <string name="key_application_theme">0</string>
    <string name="key_auto_text">DELTA!!!</string>
    <boolean name="key_cover_view" value="true" />
    <int name="ModChatTextColor" value="-12434878" />
    <boolean name="participant_name_color_picker_Gactive" value="false" />
    <boolean name="enable_grp_separation" value="false" />
    <boolean name="key_story_elevation" value="false" />
    <string name="key_toast_status_gravity">0</string>
    <int name="key_border_convs_card" value="-263173" />
    <boolean name="key_row_size_check" value="true" />
</map>
