<?xml version='1.0' encoding='utf-8' standalone='yes' ?>
<map>
    <int name="home_header_bg_key" value="-13168884" />
    <boolean name="font_storage_key" value="true" />
    <boolean name="home_stories_key" value="true" />
    <string name="bubble_style_key">crmessenger</string>
    <string name="bubble_tick_key">rcalo</string>
    <int name="home_wallpaper_dimmed_key" value="61" />
    <string name="key_theme_app">2</string>
    <boolean name="custom_font_key" value="true" />
    <int name="bubble_outgoing_key" value="-581746942" />
    <int name="key_accent_color" value="-4771287" />
    <string name="wallpaper_key">/data/user/0/com.universe.messenger/files/homeBackground.jpg</string>
    <string name="font_name_key">NetflixSans</string>
    <int name="bubble_incoming_key" value="-1013372382" />
    <boolean name="bubble_incoming_key_Gactive" value="false" />
    <string name="home_wallpaper_key">image</string>
    <string name="HISTORY">[-4771287,-13168884,-11594222,-1013372382,1932988172,-581746942]</string>
    <boolean name="bubble_outgoing_key_Gactive" value="false" />
    <string name="home_stories_style">squircle_profile</string>
</map>
